code,index
N20000001,1.01009
N20000002,0.99969
N20000003,0.99075
N20000004,1.07468
N20000005,1.02002
N20000006,1.08369
N20000007,1.23032
N20000008,1.13362
N20000009,1.06167
N20000010,0.96897
N20000011,0.85146
N20000012,0.97093
N20000013,1.04763
N20000014,0.97836
N20000015,0.99705
N20000016,1.03196
N20000017,1.09859
N20000018,1.15893
N20000019,0.90526
N20000020,0.96729
N20000021,1.18034
N20000022,1.21354
N20000023,1.07439
N20000024,1.17985
N20000025,1.10904
N20000026,0.99982
N20000027,1.12119
N20000028,1.16282
N20000029,1.09021
N20000030,0.99515
N20000031,0.90941
N20000032,1.23707
N20000033,1.27027
N20000034,1.20708
N20000035,0.99704
N20000036,0.95541
N20000037,0.80670
N20000038,1.07922
N20000039,0.98443
N20000040,0.89671
N20000041,1.05838
N20000042,1.06998
N20000043,1.06594
N20000044,1.06793
N20000045,1.04349
N20000046,0.85845
N20000047,0.98138
N20000048,1.01131
N20000049,0.94008
N20000050,0.77009
N20000051,0.92259
N20000052,0.85655
N20000053,0.86071
N20000054,0.79362
N20000055,0.77009
N20000056,0.78136
N20000057,1.06160
N20000058,0.79957
N20000059,0.85136
N20000060,1.03131
N20000061,0.82361
N20000062,0.77009
N20000063,0.95178
N20000064,1.01546
N20000065,1.04701
N20000066,0.80333
N20000067,0.78138
N20000068,0.81594
N20000069,1.03706
N20000070,1.05552
N20000071,0.93744
N20000072,1.00618
N20000073,0.91678
N20000074,0.85220
N20000075,1.05184
N20000076,1.00466
N20000077,0.87468
N20000078,0.84387
N20000079,0.80381
N20000080,1.01017
N20000081,0.92715
N20000082,0.79216
N20000083,0.94891
N20000084,0.98785
N20000085,1.02947
N20000086,0.95619
N20000087,0.92880
N20000088,0.94733
N20000089,1.00065
N20000090,0.96321
N20000091,0.98194
N20000092,0.97267
N20000093,0.77009
N20000094,0.95127
N20000095,0.77009
N20000096,0.94087
N20000097,0.90907
N20000098,0.90038
N20000099,0.99961
N20000100,1.01521
N20000101,0.93670
N20000102,0.96694
N20000103,0.86486
N20000104,0.77009
N20000105,0.89458
N20000106,0.93148
N20000107,0.86606
N20000108,0.78895
N20000109,0.98559
N20000110,0.94783
N20000111,0.92293
N20000112,0.85817
N20000113,0.91559
N20000114,0.96987
N20000115,0.97418
N20000116,0.94257
N20000117,0.99319
N20000118,0.86417
N20000119,0.92736
N20000120,0.96923
N20000121,0.98822
N20000122,0.99643
N20000123,0.98800
N20000124,0.97999
N20000125,1.00601
N20000126,1.01483
N20000127,0.88753
N20000128,1.03245
N20000129,0.77009
N20000130,0.89332
N20000131,0.81155
N20000132,0.99791
N20000133,1.03178
N20000134,0.99594
N20000135,1.02903
N20000136,0.96165
N20000137,0.97892
N20000138,0.91084
N20000139,0.96652
N20000140,1.00694
N20000141,0.99678
N20000142,0.77009
N20000143,1.03155
N20000144,1.00187
N20000145,0.77009
N20000146,0.77009
N20000147,0.81802
N20000148,1.01294
N20000149,0.97786
N20000150,0.77009
N20000151,0.98115
N20000152,0.99280
N20000153,0.80180
N20000154,0.77407
N20000155,0.77009
N20000156,0.97422
N20000157,0.96470
N20000158,0.96753
N20000159,0.77009
N20000160,1.02026
N20000161,1.01357
N20000162,0.99897
N20000163,0.96956
N20000164,1.04114
N20000165,0.98668
N20000166,1.06554
N20000167,0.98671
N20000168,0.90565
N20000169,0.90389
N20000170,0.88658
N20000171,0.95480
N20000172,1.05088
N20000173,1.11476
N20000174,0.81766
N20000175,0.96192
N20000176,0.96886
N20000177,0.96406
N20000178,0.89004
N20000179,0.92483
N20000180,0.81896
N20000181,0.77266
N20000182,0.77009
N20000183,0.87199
N20000184,0.77009
N20000185,0.88760
N20000186,0.99484
N20000187,0.77009
N20000188,0.97332
N20000189,0.77009
N20000190,0.82239
N20000191,0.87577
N20000192,0.77009
N20000193,0.77009
N20000194,0.77009
N20000195,0.77009
N20000196,0.81583
N20000197,0.78699
N20000198,0.81587
N20000199,0.77009
N20000200,0.83767
N20000201,0.93863
N20000202,0.77009
N20000203,1.03225
N20000204,0.96635
N20000205,0.85840
N20000206,0.94177
N20000207,0.91748
N20000208,0.90058
N20000209,1.05559
N20000210,0.89469
N20000211,1.02096
N20000212,0.77009
N20000213,0.81578
N20000214,0.99433
N20000215,1.02645
N20000216,1.00468
N20000217,1.00908
N20000218,0.94054
N20000219,1.07092
N20000220,1.05860
N20000221,0.98784
N20000222,0.90517
N20000223,1.01592
N20000224,1.05113
N20000225,0.81684
N20000226,1.00661
N20000227,1.05998
N20000228,0.89614
N20000229,0.78682
N20000230,0.99046
N20000231,1.04735
N20000232,1.07845
N20000233,1.07256
N20000234,1.09360
N20000235,1.03540
N20000236,0.93340
N20000237,0.93348
N20000238,1.11032
N20000239,1.08438
N20000240,1.07403
N20000241,0.92845
N20000242,0.91903
N20000243,1.09675
N20000244,1.17843
N20000245,1.15837
N20000246,1.16829
N20000247,1.07979
N20000248,0.90843
N20000249,1.20339
N20000250,1.19789
N20000251,1.18949
N20000252,1.18243
N20000253,1.18139
N20000254,1.21230
N20000255,1.16604
N20000256,1.17001
N20000257,0.99615
N20000258,0.98267
N20000259,0.89690
N20000260,0.97222
N20000261,1.00012
N20000262,0.97635
N20000263,0.98413
N20000264,1.03094
N20000265,1.06283
N20000266,1.00733
N20000267,1.11542
N20000268,1.01294
N20000269,0.97584
N20000270,1.13289
N20000271,1.12421
N20000272,1.15230
N20000273,1.16736
N20000274,1.01124
N20000275,1.13497
N20000276,1.15833
N20000277,1.21820
N20000278,1.01899
N20000279,1.06180
N20000280,1.02185
N20000281,1.01741
N20000282,1.11320
N20000283,1.04881
N20000284,1.10743
N20000285,1.08755
N20000286,1.15215
N20000287,1.20770
N20000288,0.99789
N20000289,0.96110
N20000290,0.92630
N20000291,1.11529
N20000292,1.15249
N20000293,1.12703
N20000294,1.14691
N20000295,1.10491
N20000296,1.07355
N20000297,1.10672
N20000298,1.18023
N20000299,1.14373
N20000300,1.18802
N20000301,1.16260
N20000302,1.12675
N20000303,1.04412
N20000304,0.96777
N20000305,0.97840
N20000306,1.07812
N20000307,1.09658
N20000308,0.94065
N20000309,1.07772
N20000310,1.16625
N20000311,1.15518
N20000312,1.06959
N20000313,0.91062
N20000314,0.89970
N20000315,0.88516
N20000316,0.87380
N20000317,1.03512
N20000318,1.08606
N20000319,0.86844
N20000320,0.80840
N20000321,0.95418
N20000322,0.92016
N20000323,0.95642
N20000324,0.87614
N20000325,1.00997
N20000326,0.77631
N20000327,0.96323
N20000328,0.99868
N20000329,1.10547
N20000330,1.06074
N20000331,1.19784
N20000332,1.11783
N20000333,0.89315
N20000334,1.06098
N20000335,1.17099
N20000336,1.13536
N20000337,1.16992
N20000338,1.05124
N20000339,1.04716
N20000340,1.10697
N20000341,1.11637
N20000342,1.11356
N20000343,1.13116
N20000344,1.12781
N20000345,1.18653
N20000346,1.08521
N20000347,1.15196
N20000348,1.09353
N20000349,1.01261
N20000350,1.00876
N20000351,0.94143
N20000352,0.96904
N20000353,1.16011
N20000354,1.20826
N20000355,1.17736
N20000356,1.04130
N20000357,0.99826
N20000358,1.05018
N20000359,0.92703
N20000360,1.12021
N20000361,1.09682
N20000362,0.93875
N20000363,1.02540
N20000364,1.05248
N20000365,1.01441
N20000366,1.00240
N20000367,1.07991
N20000368,0.87679
N20000369,1.05981
N20000370,1.18178
N20000371,0.95444
N20000372,1.16336
N20000373,1.04233
N20000374,0.97817
N20000375,0.83490
N20000376,0.81474
N20000377,0.89638
N20000378,1.11604
N20000379,0.84252
N20000380,1.06228
N20000381,0.96924
N20000382,0.89560
N20000383,0.99287
N20000384,0.93713
N20000385,0.77009
N20000386,0.87691
N20000387,0.84418
N20000388,0.77330
N20000389,0.86246
N20000390,0.77009
N20000391,0.78369
N20000392,0.80032
N20000393,0.91437
N20000394,0.80889
N20000395,0.81809
N20000396,0.77009
N20000397,0.99481
N20000398,0.82386
N20000399,0.77009
N20000400,0.80635
N20000401,1.16921
N20000402,0.87624
N20000403,0.82223
N20000404,0.88327
N20000405,0.96848
N20000406,0.85861
N20000407,0.91745
N20000408,0.89384
N20000409,0.81206
N20000410,0.81442
N20000411,0.90423
N20000412,0.97944
N20000413,0.86850
N20000414,1.01251
N20000415,0.98277
N20000416,1.05458
N20000417,0.91560
N20000418,1.02433
N20000419,1.03013
N20000420,1.02436
N20000421,1.15040
N20000422,1.17146
N20000423,1.19551
N20000424,1.15902
N20000425,1.04490
N20000426,1.26419
N20000427,1.16630
N20000428,1.12798
N20000429,1.00773
N20000430,1.01206
N20000431,0.85953
N20000432,0.86378
N20000433,1.07577
N20000434,0.82219
N20000435,1.04584
N20000436,1.09187
N20000437,0.85265
N20000438,1.07909
N20000439,0.90775
N20000440,0.77508
N20000441,0.99537
N20000442,0.90212
N20000443,1.03454
N20000444,1.00649
N20000445,0.89283
N20000446,1.01420
N20000447,1.02142
N20000448,1.14601
N20000449,0.99865
N20000450,0.97683
N20000451,0.98248
N20000452,1.06293
N20000453,1.06733
N20000454,1.00450
N20000455,1.01408
N20000456,0.96504
N20000457,0.95355
N20000458,1.06899
N20000459,0.90517
N20000460,0.99504
N20000461,0.97089
N20000462,0.98670
N20000463,0.94994
N20000464,0.97973
N20000465,0.94285
N20000466,0.77121
N20000467,1.08627
N20000468,0.82981
N20000469,0.98105
N20000470,0.95201
N20000471,0.95198
N20000472,0.93360
N20000473,1.05328
N20000474,0.99038
N20000475,0.98229
N20000476,1.19681
N20000477,1.20921
N20000478,1.20994
N20000479,1.16916
N20000480,1.25296
N20000481,1.19794
N20000482,1.08621
N20000483,1.24151
N20000484,1.16739
N20000485,1.13781
N20000486,1.19791
N20000487,1.24674
N20000488,1.07147
N20000489,1.21040
N20000490,0.88154
N20000491,0.98154
N20000492,1.14059
N20000493,1.18153
N20000494,0.96488
N20000495,1.20926
N20000496,1.09655
N20000497,1.22730
N20000498,0.84398
N20000499,1.14873
N20000500,1.04354
N20000501,1.08704
N20000502,1.03509
N20000503,1.15220
N20000504,0.92372
N20000505,0.91677
N20000506,0.92456
N20000507,0.92167
N20000508,0.96226
N20000509,0.86541
N20000510,0.98479
N20000511,1.07044
N20000512,0.90771
N20000513,1.00620
N20000514,1.00190
N20000515,0.83039
N20000516,0.91180
N20000517,0.86672
N20000518,0.95033
N20000519,0.83680
N20000520,0.96126
N20000521,1.01600
N20000522,1.10667
N20000523,0.94167
N20000524,0.86868
N20000525,0.85998
N20000526,0.84779
N20000527,0.82543
N20000528,0.96401
N20000529,0.87609
N20000530,1.14456
N20000531,0.92733
N20000532,0.86631
N20000533,0.90497
N20000534,0.88153
N20000535,1.11558
N20000536,1.08815
N20000537,0.88737
N20000538,1.06489
N20000539,0.80024
N20000540,0.86221
N20000541,1.01672
N20000542,0.95078
N20000543,1.04961
N20000544,0.90047
N20000545,0.94472
N20000546,0.91560
N20000547,0.92916
N20000548,0.82581
N20000549,0.97127
N20000550,0.98970
N20000551,0.94138
N20000552,0.98664
N20000553,0.97746
N20000554,0.96959
N20000555,0.89678
N20000556,0.99594
N20000557,0.99304
N20000558,0.98566
N20000559,0.91369
N20000560,0.99826
N20000561,0.95556
N20000562,0.97928
N20000563,1.00670
N20000564,0.94599
N20000565,1.00570
N20000566,0.91042
N20000567,0.86818
N20000568,1.01387
N20000569,0.99751
N20000570,0.86422
N20000571,0.96310
N20000572,0.98914
N20000573,0.97430
N20000574,0.88638
N20000575,0.99034
N20000576,0.97641
N20000577,1.00566
N20000578,0.99346
N20000579,0.96916
N20000580,0.98081
N20000581,0.98001
N20000582,1.00733
N20000583,0.98000
N20000584,0.96442
N20000585,1.00515
N20000586,0.96304
N20000587,0.99123
N20000588,1.00652
N20000589,0.95298
N20000590,0.97324
N20000591,1.06994
N20000592,1.08581
N20000593,0.98098
N20000594,1.03477
N20000595,1.06387
N20000596,1.06022
N20000597,1.14041
N20000598,0.86002
N20000599,0.96505
N20000600,1.02228
N20000601,0.87563
N20000602,1.02974
N20000603,0.90332
N20000604,1.02040
N20000605,1.15485
N20000606,1.04358
N20000607,0.99167
N20000608,1.02125
N20000609,1.07164
N20000610,1.01631
N20000611,0.87811
N20000612,0.84712
N20000613,1.03512
N20000614,1.01867
N20000615,0.79317
N20000616,0.82612
N20000617,1.05025
N20000618,0.89884
N20000619,0.90085
N20000620,0.89721
N20000621,1.07074
N20000622,0.85185
N20000623,1.04636
N20000624,0.83445
N20000625,0.96923
N20000626,0.95129
N20000627,1.04217
N20000628,1.04962
N20000629,1.05619
N20000630,0.86909
N20000631,0.91189
N20000632,0.80790
N20000633,0.95801
N20000634,0.77009
N20000635,1.08182
N20000636,1.00646
N20000637,1.00537
N20000638,1.01581
N20000639,1.00609
N20000640,1.03428
N20000641,1.04005
N20000642,1.09848
N20000643,1.04671
N20000644,0.94569
N20000645,1.11135
N20000646,0.96170
N20000647,1.13181
N20000648,1.04900
N20000649,1.03404
N20000650,0.97317
N20000651,1.09012
N20000652,1.08706
N20000653,1.07251
N20000654,1.08499
N20000655,0.98624
N20000656,1.07804
N20000657,1.01759
N20000658,1.07296
N20000659,0.93458
N20000660,0.91710
N20000661,1.06546
N20000662,0.94555
N20000663,0.91498
N20000664,0.93067
N20000665,0.99479
N20000666,0.98621
N20000667,0.99113
N20000668,0.89799
N20000669,0.93870
N20000670,0.98926
N20000671,0.94920
N20000672,0.98731
N20000673,0.99016
N20000674,1.00363
N20000675,0.89378
N20000676,0.95286
N20000677,0.97249
N20000678,0.90293
N20000679,0.98362
N20000680,0.93132
N20000681,0.98681
N20000682,0.81319
N20000683,0.88529
N20000684,0.81053
N20000685,0.97563
N20000686,0.94251
N20000687,0.96148
N20000688,1.03230
N20000689,1.00527
N20000690,0.98479
N20000691,0.99373
N20000692,1.02871
N20000693,0.95613
N20000694,1.01483
N20000695,0.98706
N20000696,0.87630
N20000697,0.87832
N20000698,0.92215
N20000699,1.07742
N20000700,0.91473
N20000701,1.17439
N20000702,1.09960
N20000703,0.99579
N20000704,0.88915
N20000705,1.01642
N20000706,1.23484
N20000707,1.09488
N20000708,0.99107
N20000709,1.18305
N20000710,1.09509
N20000711,0.98460
N20000712,1.12277
N20000713,0.85018
N20000714,0.77009
N20000715,0.99859
N20000716,0.92216
N20000717,0.78693
N20000718,0.82443
N20000719,0.83863
N20000720,0.96105
N20000721,0.94537
N20000722,0.89375
N20000723,0.83323
N20000724,1.14822
N20000725,0.87243
N20000726,1.01654
N20000727,0.86935
N20000728,0.83525
N20000729,0.77556
N20000730,0.83720
N20000731,1.13891
N20000732,1.16353
N20000733,1.04456
N20000734,1.16718
N20000735,1.06979
N20000736,0.77489
N20000737,0.82800
N20000738,1.02795
N20000739,0.77009
N20000740,1.09113
N20000741,1.02449
N20000742,0.85911
N20000743,0.91104
N20000744,0.77009
N20000745,0.86812
N20000746,0.92457
N20000747,1.01503
N20000748,0.81936
N20000749,0.85753
N20000750,1.03043
N20000751,0.88460
N20000752,0.91168
N20000753,0.90455
N20000754,0.84069
N20000755,0.91635
N20000756,0.87451
N20000757,0.93607
N20000758,0.90327
N20000759,0.84323
N20000760,0.98495
N20000761,0.84555
N20000762,0.93507
N20000763,0.80177
N20000764,0.82606
N20000765,0.86976
N20000766,0.83418
N20000767,0.82458
N20000768,0.87905
N20000769,0.84790
N20000770,0.82207
N20000771,0.91533
N20000772,0.88304
N20000773,0.88493
N20000774,0.78307
N20000775,0.81117
N20000776,0.77009
N20000777,0.94188
N20000778,0.79731
N20000779,0.86263
N20000780,0.79304
N20000781,0.90480
N20000782,0.91376
N20000783,0.87094
N20000784,0.84420
N20000785,0.85379
N20000786,0.91179
N20000787,1.13396
N20000788,1.03365
N20000789,1.02123
N20000790,0.77009
N20000791,1.05035
N20000792,0.93946
N20000793,1.06892
N20000794,0.94458
N20000795,0.84637
N20000796,1.15964
N20000797,1.05531
N20000798,0.81256
N20000799,1.16452
N20000800,0.85049
N20000801,0.80889
N20000802,1.19908
N20000803,1.14948
N20000804,1.02845
N20000805,0.96111
N20000806,0.97422
N20000807,1.12109
N20000808,1.12201
N20000809,1.02999
N20000810,1.19409
N20000811,0.82933
N20000812,1.16040
N20000813,0.77009
N20000814,0.98302
N20000815,1.19766
N20000816,1.13343
N20000817,1.05326
N20000818,1.06101
N20000819,1.09095
N20000820,0.80136
N20000821,0.84999
N20000822,1.17071
N20000823,1.01596
N20000824,0.93942
N20000825,0.93431
N20000826,0.98329
N20000827,1.13355
N20000828,0.88285
N20000829,0.80467
N20000830,0.95803
N20000831,1.07208
N20000832,0.87911
N20000833,1.05511
N20000834,0.77014
N20000835,0.80463
N20000836,0.85838
N20000837,0.88506
N20000838,1.01300
N20000839,1.05116
N20000840,0.93369
N20000841,0.93567
N20000842,0.87424
N20000843,0.95121
N20000844,0.77009
N20000845,0.84448
N20000846,0.96447
N20000847,0.77009
N20000848,0.80323
N20000849,0.94161
N20000850,0.77009
N20000851,0.77009
N20000852,0.77009
N20000853,0.77009
N20000854,1.00857
N20000855,1.00325
N20000856,0.77009
N20000857,1.01688
N20000858,0.84488
N20000859,0.92742
N20000860,0.92427
N20000861,1.00091
N20000862,0.88502
N20000863,0.93317
N20000864,0.79080
N20000865,0.89089
N20000866,0.90358
N20000867,0.85846
N20000868,0.92647
N20000869,0.98618
N20000870,0.77009
N20000871,0.87677
N20000872,0.94326
N20000873,0.77009
N20000874,0.77009
N20000875,0.83755
N20000876,0.96854
N20000877,0.77009
N20000878,0.99029
N20000879,0.96424
N20000880,0.77009
N20000881,0.86449
N20000882,0.95186
N20000883,0.87289
N20000884,0.77009
N20000885,0.81022
N20000886,0.83567
N20000887,0.95375
N20000888,0.92951
N20000889,1.02994
N20000890,0.96979
N20000891,0.89417
N20000892,0.77009
N20000893,0.77009
N20000894,0.87386
N20000895,0.85898
N20000896,0.90897
N20000897,0.98462
N20000898,0.93584
N20000899,0.84507
N20000900,0.81370
N20000901,0.93508
N20000902,0.99776
N20000903,0.77009
N20000904,0.88557
N20000905,0.87192
N20000906,0.90906
N20000907,0.88049
N20000908,0.80678
N20000909,0.96916
N20000910,0.77009
N20000911,0.77009
N20000912,0.83707
N20000913,0.83003
N20000914,0.79446
N20000915,0.82989
N20000916,0.92279
N20000917,0.85372
N20000918,0.77009
N20000919,0.77009
N20000920,0.81601
N20000921,0.77009
N20000922,0.77009
N20000923,0.89442
N20000924,0.77009
N20000925,0.94657
N20000926,0.88751
N20000927,0.77009
N20000928,0.90003
N20000929,0.90207
N20000930,0.87978
N20000931,0.81305
N20000932,0.83148
N20000933,0.79428
N20000934,0.90843
N20000935,0.93152
N20000936,0.77009
N20000937,0.87699
N20000938,0.89320
N20000939,0.87319
N20000940,0.84083
N20000941,0.86570
N20000942,0.84335
N20000943,0.91306
N20000944,0.95738
N20000945,0.96138
N20000946,0.99040
N20000947,0.84161
N20000948,0.77905
N20000949,0.80094
N20000950,1.01043
N20000951,0.82686
N20000952,0.97697
N20000953,0.94084
N20000954,0.95863
N20000955,0.98750
N20000956,0.97237
N20000957,0.86745
N20000958,0.97483
N20000959,0.96905
N20000960,0.94230
N20000961,0.96896
N20000962,0.95576
N20000963,0.96804
N20000964,0.94950
N20000965,0.99795
N20000966,0.93002
N20000967,0.96602
N20000968,0.94810
N20000969,0.97695
N20000970,0.95196
N20000971,0.98042
N20000972,1.05246
N20000973,0.98997
N20000974,0.96510
N20000975,1.00193
N20000976,0.96439
N20000977,0.97881
N20000978,1.01891
N20000979,0.99199
N20000980,0.78787
N20000981,0.95949
N20000982,0.98939
N20000983,0.95896
N20000984,1.00626
N20000985,0.93521
N20000986,0.96201
N20000987,0.97794
N20000988,0.95950
N20000989,0.80942
N20000990,0.92026
N20000991,0.93708
N20000992,0.98043
N20000993,0.96772
N20000994,0.92564
N20000995,0.99942
N20000996,0.77009
N20000997,0.98874
N20000998,1.00036
N20000999,0.77009
N20001000,0.77315
N20001001,0.99460
N20001002,0.85709
N20001003,0.89114
N20001004,0.79652
N20001005,0.99077
N20001006,0.97744
N20001007,0.90083
N20001008,0.97124
N20001009,0.81445
N20001010,1.02426
N20001011,0.83887
N20001012,0.77009
N20001013,0.90222
N20001014,0.81942
N20001015,0.94714
N20001016,0.90120
N20001017,0.96457
N20001018,0.77009
N20001019,0.93516
N20001020,0.97579
N20001021,1.01079
N20001022,0.96694
N20001023,0.98893
N20001024,1.08676
N20001025,0.94028
N20001026,0.87444
N20001027,0.97649
N20001028,0.96198
N20001029,0.97754
N20001030,1.04983
N20001031,1.00371
N20001032,1.02712
N20001033,0.95090
N20001034,0.92230
N20001035,1.10490
N20001036,0.99860
N20001037,1.05819
N20001038,0.93763
N20001039,1.00547
N20001040,0.78046
N20001041,0.79039
N20001042,1.08220
N20001043,0.94804
N20001044,0.77009
N20001045,0.91039
N20001046,0.92651
N20001047,0.97986
N20001048,0.96534
N20001049,0.90946
N20001050,0.99375
N20001051,0.96500
N20001052,0.92316
N20001053,0.93282
N20001054,0.97800
N20001055,0.87292
N20001056,0.93404
N20001057,1.04855
N20001058,0.79366
N20001059,0.94157
N20001060,0.90750
N20001061,1.01311
N20001062,1.14817
N20001063,1.03673
N20001064,0.88398
N20001065,0.84531
N20001066,1.06950
N20001067,0.97375
N20001068,1.04360
N20001069,1.11769
N20001070,1.06881
N20001071,1.08971
N20001072,1.08486
N20001073,1.12447
N20001074,1.02407
N20001075,1.12948
N20001076,1.10047
N20001077,1.06038
N20001078,1.05125
N20001079,1.01569
N20001080,0.96373
N20001081,0.91651
N20001082,0.86097
N20001083,0.91652
N20001084,0.77009
N20001085,0.99925
N20001086,0.80264
N20001087,0.92933
N20001088,0.94814
N20001089,0.77009
N20001090,0.82078
N20001091,0.82135
N20001092,0.77009
N20001093,0.77009
N20001094,0.90455
N20001095,0.77009
N20001096,0.79245
N20001097,0.77009
N20001098,0.91886
N20001099,0.94904
N20001100,0.81919
N20001101,0.80305
N20001102,0.90846
N20001103,1.03884
N20001104,0.78945
N20001105,1.13117
N20001106,0.92007
N20001107,1.10737
N20001108,1.00027
N20001109,0.82977
N20001110,0.90948
N20001111,0.79259
N20001112,1.12280
N20001113,1.13697
N20001114,1.01526
N20001115,1.03096
N20001116,0.77009
N20001117,0.77009
N20001118,1.01629
N20001119,1.10931
N20001120,1.15242
N20001121,1.06974
N20001122,1.10111
N20001123,1.10280
N20001124,1.09975
N20001125,1.01985
N20001126,0.93454
N20001127,1.11039
N20001128,0.89356
N20001129,0.88329
N20001130,1.26010
N20001131,1.14080
N20001132,1.03626
N20001133,1.12060
N20001134,1.10485
N20001135,1.03077
N20001136,1.15347
N20001137,1.12813
N20001138,0.95348
N20001139,1.09013
N20001140,1.00055
N20001141,0.91824
N20001142,1.13341
N20001143,1.08884
N20001144,1.04954
N20001145,1.07273
N20001146,1.08624
N20001147,0.81288
N20001148,0.98467
N20001149,1.00033
N20001150,0.92962
N20001151,1.14100
N20001152,1.03254
N20001153,1.14759
N20001154,0.85724
N20001155,1.03228
N20001156,1.06014
N20001157,1.09001
N20001158,1.00301
N20001159,1.02941
N20001160,1.06466
N20001161,1.03363
N20001162,1.00913
N20001163,1.00667
N20001164,1.10561
N20001165,1.06812
N20001166,1.09860
N20001167,1.06663
N20001168,1.04994
N20001169,1.06296
N20001170,1.05174
N20001171,1.03626
N20001172,1.05567
N20001173,1.05874
N20001174,1.04612
N20001175,1.05221
N20001176,1.07768
N20001177,1.05554
N20001178,1.06363
N20001179,1.02719
N20001180,1.09405
N20001181,1.10686
N20001182,1.10487
N20001183,1.07057
N20001184,1.10280
N20001185,1.05194
N20001186,1.09336
N20001187,1.06410
N20001188,1.12386
N20001189,1.11912
N20001190,1.18597
N20001191,1.13892
N20001192,1.16997
N20001193,1.11136
N20001194,0.91350
N20001195,1.14094
N20001196,1.10029
N20001197,1.14468
N20001198,1.11450
N20001199,1.05580
N20001200,1.06796
N20001201,1.02511
N20001202,1.09863
N20001203,0.89343
N20001204,1.15330
N20001205,0.95310
N20001206,0.78919
N20001207,0.77009
N20001208,0.77009
N20001209,1.00150
N20001210,0.93067
N20001211,0.82757
N20001212,1.24728
N20001213,0.93704
N20001214,0.91436
N20001215,0.94919
N20001216,0.96555
N20001217,0.93843
N20001218,1.07645
N20001219,1.02895
N20001220,0.95233
N20001221,1.04886
N20001222,0.85318
N20001223,0.87959
N20001224,0.82372
N20001225,0.90159
N20001226,1.04992
N20001227,0.77482
N20001228,0.86083
N20001229,0.82940
N20001230,1.10623
N20001231,1.08054
N20001232,0.87138
N20001233,1.08430
N20001234,1.04394
N20001235,0.91451
N20001236,1.14369
N20001237,1.17967
N20001238,1.19992
N20001239,0.87345
N20001240,0.93750
N20001241,1.00002
N20001242,0.92912
N20001243,0.93063
N20001244,1.18563
N20001245,1.12938
N20001246,1.21398
N20001247,1.14924
N20001248,0.84496
N20001249,0.82418
N20001250,1.14368
N20001251,1.20242
N20001252,0.99318
N20001253,1.13001
N20001254,1.00706
N20001255,0.87016
N20001256,1.01537
N20001257,0.92078
N20001258,1.20666
N20001259,1.01761
N20001260,1.17965
N20001261,0.91357
N20001262,0.89856
N20001263,0.82000
N20001264,1.18962
N20001265,1.17741
N20001266,0.87199
N20001267,1.17059
N20001268,0.87289
N20001269,0.89809
N20001270,0.85563
N20001271,1.15479
N20001272,0.89679
N20001273,1.19326
N20001274,0.93152
N20001275,1.10382
N20001276,0.91606
N20001277,0.98821
N20001278,1.14125
N20001279,1.19620
N20001280,1.05126
N20001281,1.09703
N20001282,1.18321
N20001283,0.96563
N20001284,1.18480
N20001285,0.99376
N20001286,0.93327
N20001287,1.02050
N20001288,0.97897
N20001289,0.98352
N20001290,1.20047
N20001291,1.09990
N20001292,0.98529
N20001293,0.99691
N20001294,1.01589
N20001295,0.96369
N20001296,1.01043
N20001297,0.98124
N20001298,0.90726
N20001299,0.88172
N20001300,0.83405
N20001301,0.88246
N20001302,0.92265
N20001303,1.00598
N20001304,0.83280
N20001305,0.84237
N20001306,0.90398
N20001307,0.91015
N20001308,1.08680
N20001309,1.15006
N20001310,0.88432
N20001311,0.92238
N20001312,0.93867
N20001313,0.89550
N20001314,0.92176
N20001315,0.96812
N20001316,0.91842
N20001317,0.87971
N20001318,1.13014
N20001319,0.95806
N20001320,0.81932
N20001321,0.98151
N20001322,0.93459
N20001323,0.91443
N20001324,0.81917
N20001325,0.89363
N20001326,0.97382
N20001327,1.18879
N20001328,0.83907
N20001329,1.07479
N20001330,1.15819
N20001331,1.22454
N20001332,0.84933
N20001333,1.03086
N20001334,1.11684
N20001335,1.16563
N20001336,0.98315
N20001337,1.19621
N20001338,0.83735
N20001339,1.11738
N20001340,1.12922
N20001341,1.10162
N20001342,1.06933
N20001343,1.10494
N20001344,0.93944
N20001345,1.00914
N20001346,1.01119
N20001347,0.99572
N20001348,0.92973
N20001349,1.08331
N20001350,1.12419
N20001351,1.03091
N20001352,0.98968
N20001353,0.97849
N20001354,1.04245
N20001355,1.10210
N20001356,1.01585
N20001357,1.04222
N20001358,0.96566
N20001359,0.98987
N20001360,1.10159
N20001361,1.17995
N20001362,1.13863
N20001363,1.00006
N20001364,1.15199
N20001365,0.95185
N20001366,1.08407
N20001367,1.15045
N20001368,1.13396
N20001369,0.77009
N20001370,0.77009
N20001371,0.98902
N20001372,0.77009
N20001373,0.93013
N20001374,1.17733
N20001375,0.78868
N20001376,0.77009
N20001377,0.77009
N20001378,0.77134
N20001379,0.79248
N20001380,0.96876
N20001381,0.77009
N20001382,0.80334
N20001383,0.77009
N20001384,0.77009
N20001385,0.77009
N20001386,0.94451
N20001387,0.77009
N20001388,0.95634
N20001389,0.77009
N20001390,0.77275
N20001391,0.93415
N20001392,0.95988
N20001393,0.77009
N20001394,0.77009
N20001395,0.77009
N20001396,0.77009
N20001397,0.77009
N20001398,0.77009
N20001399,0.77009
N20001400,0.77009
N20001401,0.81202
N20001402,0.94243
N20001403,0.77009
N20001404,0.77009
N20001405,0.77009
N20001406,0.77009
N20001407,0.77009
N20001408,0.77009
N20001409,0.77009
N20001410,0.77009
N20001411,0.77009
N20001412,0.77009
N20001413,0.79829
N20001414,0.90995
N20001415,0.77009
N20001416,0.77009
N20001417,0.77009
N20001418,0.92699
N20001419,0.90573
N20001420,0.87686
N20001421,0.78872
N20001422,1.01898
N20001423,0.80481
N20001424,0.80059
N20001425,1.16203
N20001426,0.82329
N20001427,0.93106
N20001428,0.87240
N20001429,0.83067
N20001430,1.02084
N20001431,0.81433
N20001432,0.88503
N20001433,0.83454
N20001434,0.89603
N20001435,0.78541
N20001436,0.96528
N20001437,0.81209
N20001438,0.81857
N20001439,0.96068
N20001440,0.92822
N20001441,0.93871
N20001442,0.98727
N20001443,0.93881
N20001444,0.84378
N20001445,0.92812
N20001446,1.03553
N20001447,1.02396
N20001448,0.97566
N20001449,0.88750
N20001450,1.06840
N20001451,0.87533
N20001452,1.02562
N20001453,1.07680
N20001454,1.01262
N20001455,1.16859
N20001456,1.13579
N20001457,1.01442
N20001458,1.12708
N20001459,1.02662
N20001460,1.09616
N20001461,1.05001
N20001462,1.15055
N20001463,1.18350
N20001464,1.02816
N20001465,1.18047
N20001466,1.12107
N20001467,0.84015
N20001468,1.16112
N20001469,1.16580
N20001470,0.99367
N20001471,1.05390
N20001472,1.24740
N20001473,1.18154
N20001474,0.88270
N20001475,1.09547
N20001476,1.15896
N20001477,1.18851
N20001478,1.22695
N20001479,1.12452
N20001480,1.18912
N20001481,0.99717
N20001482,1.12060
N20001483,0.97268
N20001484,0.98215
N20001485,1.05287
N20001486,0.88625
N20001487,0.94412
N20001488,0.80242
N20001489,0.97834
N20001490,0.89280
N20001491,1.09743
N20001492,1.02783
N20001493,0.88013
N20001494,1.07742
N20001495,0.77009
N20001496,0.85526
N20001497,1.03980
N20001498,0.88788
N20001499,0.78085
N20001500,0.83776
N20001501,1.00461
N20001502,0.77488
N20001503,1.00594
N20001504,0.82470
N20001505,1.04708
N20001506,0.87675
N20001507,0.81193
N20001508,1.07417
N20001509,0.90764
N20001510,1.02865
N20001511,1.06582
N20001512,1.10007
N20001513,1.13707
N20001514,0.96318
N20001515,0.88495
N20001516,0.92889
N20001517,0.99162
N20001518,1.00997
N20001519,0.77009
N20001520,0.97484
N20001521,0.97165
N20001522,0.91780
N20001523,0.77049
N20001524,0.93229
N20001525,1.04105
N20001526,1.01018
N20001527,0.99740
N20001528,0.93022
N20001529,0.94219
N20001530,1.08182
N20001531,0.97004
N20001532,1.15601
N20001533,0.99826
N20001534,1.08675
N20001535,0.79440
N20001536,0.86813
N20001537,0.87418
N20001538,1.19076
N20001539,1.11297
N20001540,1.05572
N20001541,1.10321
N20001542,1.12569
N20001543,1.00109
N20001544,1.11021
N20001545,1.18697
N20001546,1.24267
N20001547,0.77009
N20001548,0.98757
N20001549,0.85369
N20001550,0.77009
N20001551,0.83361
N20001552,0.93079
N20001553,0.77009
N20001554,0.77009
N20001555,0.93359
N20001556,0.98259
N20001557,0.96140
N20001558,0.99962
N20001559,0.77009
N20001560,1.00131
N20001561,0.80464
N20001562,0.89454
N20001563,0.77009
N20001564,0.77009
N20001565,0.81882
N20001566,0.77009
N20001567,0.83981
N20001568,0.94501
N20001569,1.05153
N20001570,0.83929
N20001571,0.77009
N20001572,0.86702
N20001573,0.98045
N20001574,0.81165
N20001575,0.84169
N20001576,0.85630
N20001577,1.01157
N20001578,0.77327
N20001579,0.82108
N20001580,0.92550
N20001581,0.87395
N20001582,0.93167
N20001583,1.00409
N20001584,1.00858
N20001585,1.01695
N20001586,0.91352
N20001587,0.95433
N20001588,0.92522
N20001589,0.91259
N20001590,0.97370
N20001591,0.96986
N20001592,1.03655
N20001593,1.02107
N20001594,0.98710
N20001595,0.77009
N20001596,0.99584
N20001597,0.95670
N20001598,0.84457
N20001599,0.92279
N20001600,0.77009
N20001601,0.81730
N20001602,0.92296
N20001603,1.01031
N20001604,0.90843
N20001605,0.77495
N20001606,0.92739
N20001607,0.94006
N20001608,0.81518
N20001609,1.01967
N20001610,0.97711
N20001611,0.99799
N20001612,0.77009
N20001613,1.00753
N20001614,0.85946
N20001615,1.00524
N20001616,0.97690
N20001617,0.94521
N20001618,0.97939
N20001619,0.98114
N20001620,0.93206
N20001621,0.99733
N20001622,0.78316
N20001623,1.03333
N20001624,1.05869
N20001625,0.92739
N20001626,0.86594
N20001627,0.95463
N20001628,1.05115
N20001629,0.96749
N20001630,1.02195
N20001631,1.02238
N20001632,1.03982
N20001633,1.07730
N20001634,0.95811
N20001635,1.06790
N20001636,0.88460
N20001637,1.00584
N20001638,1.01184
N20001639,0.94527
N20001640,0.94293
N20001641,0.89749
N20001642,0.77009
N20001643,0.95999
N20001644,0.91734
N20001645,0.93110
N20001646,0.91369
N20001647,0.93531
N20001648,0.97137
N20001649,0.89946
N20001650,0.93067
N20001651,1.15667
N20001652,1.04922
N20001653,1.17952
N20001654,0.81670
N20001655,1.14709
N20001656,1.13183
N20001657,1.14489
N20001658,1.00649
N20001659,0.99012
N20001660,1.03786
N20001661,1.01272
N20001662,0.85004
N20001663,0.94655
N20001664,1.04205
N20001665,1.19124
N20001666,1.00222
N20001667,1.15111
N20001668,1.16786
N20001669,0.85759
N20001670,0.98869
N20001671,0.86459
N20001672,0.90891
N20001673,1.18428
N20001674,1.02881
N20001675,1.23755
N20001676,1.10129
N20001677,1.15261
N20001678,1.17999
N20001679,1.15953
N20001680,1.21469
N20001681,1.21479
N20001682,1.09327
N20001683,1.20622
N20001684,1.20742
N20001685,0.96227
N20001686,0.91530
N20001687,0.91692
N20001688,0.90834
N20001689,0.99267
N20001690,0.80250
N20001691,0.86448
N20001692,0.92321
N20001693,0.77009
N20001694,0.88520
N20001695,0.77774
N20001696,0.97315
N20001697,0.95395
N20001698,0.81228
N20001699,0.88583
N20001700,0.79315
N20001701,0.77009
N20001702,0.91316
N20001703,0.85369
N20001704,0.81106
N20001705,0.95588
N20001706,0.85245
N20001707,0.78331
N20001708,0.96353
N20001709,0.95839
N20001710,0.98040
N20001711,0.96785
N20001712,0.92895
N20001713,0.89740
N20001714,1.01530
N20001715,1.10756
N20001716,1.08045
N20001717,0.96530
N20001718,1.09376
N20001719,1.25622
N20001720,1.00300
N20001721,0.96935
N20001722,1.13338
N20001723,0.96893
N20001724,1.18661
N20001725,1.19195
N20001726,1.04368
N20001727,1.14091
N20001728,0.95434
N20001729,1.09553
N20001730,1.11470
N20001731,1.07371
N20001732,1.10363
N20001733,1.19999
N20001734,0.99984
N20001735,1.16754
N20001736,1.02155
N20001737,0.99927
N20001738,1.10084
N20001739,1.01137
N20001740,1.12653
N20001741,0.85600
N20001742,1.00176
N20001743,0.91964
N20001744,0.90558
N20001745,0.86534
N20001746,0.94310
N20001747,0.85746
N20001748,1.02987
N20001749,0.81997
N20001750,0.87206
N20001751,0.89628
N20001752,0.82944
N20001753,0.96898
N20001754,0.77009
N20001755,0.86451
N20001756,0.88072
N20001757,0.85374
N20001758,0.90347
N20001759,0.88211
N20001760,0.91231
N20001761,0.97733
N20001762,0.96706
N20001763,0.91030
N20001764,1.00683
N20001765,0.95532
N20001766,0.89425
N20001767,1.12782
N20001768,1.02039
N20001769,1.15270
N20001770,0.90875
N20001771,1.17078
N20001772,1.19031
N20001773,0.95724
N20001774,0.87923
N20001775,0.93897
N20001776,1.22357
N20001777,1.12222
N20001778,1.11369
N20001779,0.93819
N20001780,1.07732
N20001781,1.15310
N20001782,0.91024
N20001783,1.12482
N20001784,1.07882
N20001785,1.19895
N20001786,0.89165
N20001787,0.91272
N20001788,1.19127
N20001789,0.93853
N20001790,1.14531
N20001791,1.01517
N20001792,1.20332
N20001793,0.99169
N20001794,1.04378
N20001795,1.09099
N20001796,1.04877
N20001797,1.04539
N20001798,0.89614
N20001799,0.98992
N20001800,1.11348
N20001801,1.02030
N20001802,0.85109
N20001803,1.14723
N20001804,1.20710
N20001805,1.18184
N20001806,1.16971
N20001807,1.20250
N20001808,0.91621
N20001809,0.92934
N20001810,1.20238
N20001811,0.88805
N20001812,1.18257
N20001813,0.87424
N20001814,1.22399
N20001815,0.87289
N20001816,1.19043
N20001817,0.93822
N20001818,0.82243
N20001819,0.97215
N20001820,1.18896
N20001821,0.96149
N20001822,0.96836
N20001823,0.89013
N20001824,1.18371
N20001825,0.87038
N20001826,0.93518
N20001827,0.90393
N20001828,0.84534
N20001829,1.04069
N20001830,0.91813
N20001831,0.94646
N20001832,0.85057
N20001833,0.98604
N20001834,1.22532
N20001835,0.90279
N20001836,0.94219
N20001837,0.91762
N20001838,0.90037
N20001839,1.16532
N20001840,1.18492
N20001841,0.88593
N20001842,0.92940
N20001843,0.96901
N20001844,1.20833
N20001845,1.01938
N20001846,1.12728
N20001847,1.06627
N20001848,1.04314
N20001849,1.20694
N20001850,1.10149
N20001851,1.14527
N20001852,0.98709
N20001853,0.77009
N20001854,1.03284
N20001855,0.97803
N20001856,0.77009
N20001857,0.77009
N20001858,1.13238
N20001859,1.02242
N20001860,1.06368
N20001861,1.08729
N20001862,0.99777
N20001863,0.91696
N20001864,0.77009
N20001865,1.01158
N20001866,0.82511
N20001867,1.00541
N20001868,0.77009
N20001869,0.77009
N20001870,0.85906
N20001871,1.00910
N20001872,1.12403
N20001873,0.96583
N20001874,1.03300
N20001875,0.91203
N20001876,0.85206
N20001877,0.94576
N20001878,1.05302
N20001879,0.98577
N20001880,0.82040
N20001881,1.09300
N20001882,1.03283
N20001883,0.94142
N20001884,1.08349
N20001885,0.85616
N20001886,0.88941
N20001887,0.92513
N20001888,1.04033
N20001889,1.14217
N20001890,0.96977
N20001891,1.05621
N20001892,0.89959
N20001893,0.89677
N20001894,1.04796
N20001895,1.14924
N20001896,1.12971
N20001897,1.01472
N20001898,1.03192
N20001899,0.93035
N20001900,1.16776
N20001901,1.16946
N20001902,1.01833
N20001903,0.82008
N20001904,1.19948
N20001905,0.77009
N20001906,0.88924
N20001907,1.06902
N20001908,1.10838
N20001909,0.88804
N20001910,1.01408
N20001911,1.06629
N20001912,1.04910
N20001913,1.12380
N20001914,0.91819
N20001915,1.03559
N20001916,1.07550
N20001917,1.08198
N20001918,1.09480
N20001919,1.09330
N20001920,1.11564
N20001921,1.04938
N20001922,1.04153
N20001923,1.15594
N20001924,1.02904
N20001925,1.13872
N20001926,1.15929
N20001927,1.13369
N20001928,1.08501
N20001929,1.08960
N20001930,0.83306
N20001931,0.80847
N20001932,0.95362
N20001933,0.80415
N20001934,0.98522
N20001935,1.07594
N20001936,1.01938
N20001937,1.08932
N20001938,1.15932
N20001939,0.88568
N20001940,0.94843
N20001941,0.97662
N20001942,1.17171
N20001943,0.95549
N20001944,1.05835
N20001945,1.02929
N20001946,1.02745
N20001947,0.95523
N20001948,1.00368
N20001949,1.13110
N20001950,0.97966
N20001951,1.05893
N20001952,0.78808
N20001953,1.24191
N20001954,1.09646
N20001955,0.96342
N20001956,1.20056
N20001957,0.85178
N20001958,0.84753
N20001959,1.05011
N20001960,1.09319
N20001961,1.04068
N20001962,1.15455
N20001963,1.04293
N20001964,1.09663
N20001965,0.99831
N20001966,1.13162
N20001967,1.10021
N20001968,1.18005
N20001969,0.85246
N20001970,1.23295
N20001971,1.10323
N20001972,0.91791
N20001973,0.83259
N20001974,1.10879
N20001975,0.89817
N20001976,0.96833
N20001977,0.90443
N20001978,0.93982
N20001979,0.97828
N20001980,1.00474
N20001981,1.22148
N20001982,0.86124
N20001983,0.92124
N20001984,0.92606
N20001985,0.94648
N20001986,1.17768
N20001987,1.12562
N20001988,1.11244
N20001989,1.17103
N20001990,1.09613
N20001991,1.09498
N20001992,1.03847
N20001993,1.02591
N20001994,1.07742
N20001995,1.04463
N20001996,1.09554
N20001997,1.18975
N20001998,1.08606
N20001999,1.08516
N20002000,0.91562
N20002001,0.93627
N20002002,0.90790
N20002003,0.88014
N20002004,0.98190
N20002005,1.15254
N20002006,1.10292
N20002007,0.91466
N20002008,1.04278
N20002009,0.90639
N20002010,0.81813
N20002011,0.92477
N20002012,0.90746
N20002013,0.97008
N20002014,1.03929
N20002015,0.98682
N20002016,0.91251
N20002017,1.01687
N20002018,1.13657
N20002019,1.05572
N20002020,0.80311
N20002021,0.84387
N20002022,0.98912
N20002023,1.15153
N20002024,0.97522
N20002025,0.97596
N20002026,1.15845
N20002027,0.89365
N20002028,0.96819
N20002029,1.08357
N20002030,1.00367
N20002031,1.06797
N20002032,1.04094
N20002033,0.99987
N20002034,0.90264
N20002035,0.96527
N20002036,0.94636
N20002037,1.12287
N20002038,1.21074
N20002039,1.09873
N20002040,1.11463
N20002041,1.11451
N20002042,0.88234
N20002043,0.96676
N20002044,1.13870
N20002045,0.89617
N20002046,1.09615
N20002047,1.04641
N20002048,1.16797
N20002049,1.01404
N20002050,1.07085
N20002051,1.12022
N20002052,1.04201
N20002053,1.03754
N20002054,0.97516
N20002055,1.16316
N20002056,1.16576
N20002057,1.06067
N20002058,1.16180
N20002059,1.10311
N20002060,1.05594
N20002061,1.05011
N20002062,1.13269
N20002063,1.11813
N20002064,1.15975
N20002065,1.05684
N20002066,1.19130
N20002067,1.18377
N20002068,0.97050
N20002069,1.10107
N20002070,1.07622
N20002071,1.11564
N20002072,1.12991
N20002073,1.04811
N20002074,1.19717
N20002075,1.14580
N20002076,1.15872
N20002077,1.10470
N20002078,1.19482
N20002079,1.22698
N20002080,1.14996
N20002081,1.02428
N20002082,0.99726
N20002083,0.98757
N20002084,0.97335
N20002085,1.02970
N20002086,0.84473
N20002087,1.04125
N20002088,1.09574
N20002089,0.84810
N20002090,1.07858
N20002091,0.97278
N20002092,0.95666
N20002093,0.99342
N20002094,1.11338
N20002095,0.96081
N20002096,0.90617
N20002097,1.01381
N20002098,0.93991
N20002099,1.09892
N20002100,1.09497
N20002101,0.94748
N20002102,1.03809
N20002103,0.96923
N20002104,1.09850
N20002105,0.96925
N20002106,0.93866
N20002107,0.86462
N20002108,0.95367
N20002109,1.07258
N20002110,0.89191
N20002111,1.03145
N20002112,1.08560
N20002113,1.05212
N20002114,1.09823
N20002115,1.15729
N20002116,0.89942
N20002117,0.87657
N20002118,1.00169
N20002119,0.91155
N20002120,0.99664
N20002121,1.10293
N20002122,1.05039
N20002123,0.97267
N20002124,1.00981
N20002125,1.07379
N20002126,0.87093
N20002127,0.97547
N20002128,1.07142
N20002129,1.10632
N20002130,1.04643
N20002131,0.99083
N20002132,1.09169
N20002133,1.01009
N20002134,0.97303
N20002135,1.08167
N20002136,0.88449
N20002137,1.06602
N20002138,0.84522
N20002139,1.06447
N20002140,0.94761
N20002141,0.94474
N20002142,1.08455
N20002143,0.97988
N20002144,1.16559
N20002145,1.04306
N20002146,0.99019
N20002147,1.02595
N20002148,1.07747
N20002149,0.85729
N20002150,0.93958
N20002151,1.13433
N20002152,1.02450
N20002153,1.04450
N20002154,1.02758
N20002155,1.07928
N20002156,1.12909
N20002157,1.17074
N20002158,1.04970
N20002159,1.13957
N20002160,1.17063
N20002161,1.14023
N20002162,1.16807
N20002163,1.11350
N20002164,1.08165
N20002165,1.08968
N20002166,1.06093
N20002167,0.94961
N20002168,1.12149
N20002169,1.00248
N20002170,0.89375
N20002171,1.02035
N20002172,0.93113
N20002173,1.18988
N20002174,1.14177
N20002175,1.10523
N20002176,1.12338
N20002177,1.14509
N20002178,1.17224
N20002179,1.21507
N20002180,1.15049
N20002181,1.03033
N20002182,1.16032
N20002183,0.85332
N20002184,0.87726
N20002185,1.02947
N20002186,1.07012
N20002187,1.17453
N20002188,0.92148
N20002189,1.07193
N20002190,1.08650
N20002191,0.87802
N20002192,0.93393
N20002193,1.13640
N20002194,0.98723
N20002195,0.88066
N20002196,1.04829
N20002197,0.84754
N20002198,0.99887
N20002199,0.89583
N20002200,0.79136
N20002201,0.98228
N20002202,0.97307
N20002203,1.03035
N20002204,0.88618
N20002205,0.92295
N20002206,0.84276
N20002207,0.92307
N20002208,0.93657
N20002209,0.93567
N20002210,1.19149
N20002211,1.07814
N20002212,0.91649
N20002213,1.16634
N20002214,1.12794
N20002215,1.07208
N20002216,1.03659
N20002217,0.99588
N20002218,1.12666
N20002219,1.14608
N20002220,1.11673
N20002221,1.20202
N20002222,0.97068
N20002223,1.08473
N20002224,1.21010
N20002225,1.16639
N20002226,1.15391
N20002227,1.07408
N20002228,1.20134
N20002229,1.17985
N20002230,1.12685
N20002231,1.24023
N20002232,1.10866
N20002233,1.06809
N20002234,1.13194
N20002235,1.17476
N20002236,1.08954
N20002237,1.16158
N20002238,1.11206
N20002239,1.17790
N20002240,1.25833
N20002241,1.06556
N20002242,1.05983
N20002243,1.17865
N20002244,1.04393
N20002245,1.06580
N20002246,0.97889
N20002247,0.97179
N20002248,1.21868
N20002249,1.06864
N20002250,1.16173
N20002251,1.15050
N20002252,0.84711
N20002253,0.99603
N20002254,1.02846
N20002255,0.82316
N20002256,0.97615
N20002257,1.02929
N20002258,0.95661
N20002259,0.92543
N20002260,0.96491
N20002261,0.99985
N20002262,0.97812
N20002263,0.99327
N20002264,1.01249
N20002265,0.89455
N20002266,1.01266
N20002267,0.87003
N20002268,1.02198
N20002269,0.93937
N20002270,0.97464
N20002271,1.01129
N20002272,1.00162
N20002273,0.98966
N20002274,0.97761
N20002275,0.99935
N20002276,1.00066
N20002277,0.97461
N20002278,0.95109
N20002279,0.99613
N20002280,0.93947
N20002281,0.97484
N20002282,0.92408
N20002283,0.98211
N20002284,0.99685
N20002285,1.01074
N20002286,0.95667
N20002287,1.01874
N20002288,1.21160
N20002289,1.07315
N20002290,1.18302
N20002291,1.06552
N20002292,1.21657
N20002293,1.13882
N20002294,1.07161
N20002295,1.11829
N20002296,1.08006
N20002297,1.05573
N20002298,1.00950
N20002299,1.07246
N20002300,1.00829
N20002301,1.02797
N20002302,0.99969
N20002303,1.03057
N20002304,1.01950
N20002305,1.09564
N20002306,1.13260
N20002307,1.06564
N20002308,1.10317
N20002309,1.10745
N20002310,1.06944
N20002311,0.98827
N20002312,1.07989
N20002313,1.01895
N20002314,1.01048
N20002315,0.93646
N20002316,0.89903
N20002317,1.00906
N20002318,1.04600
N20002319,1.00067
N20002320,1.01943
N20002321,0.97908
N20002322,0.96687
N20002323,0.97823
N20002324,0.96815
N20002325,0.96873
N20002326,1.00524
N20002327,1.00673
N20002328,0.99928
N20002329,0.83610
N20002330,0.98800
N20002331,0.77715
N20002332,0.82584
N20002333,0.99572
N20002334,0.77009
N20002335,0.77271
N20002336,1.00955
N20002337,0.98148
N20002338,0.96831
N20002339,1.00170
N20002340,0.80176
N20002341,0.93910
N20002342,1.07812
N20002343,0.95828
N20002344,1.03825
N20002345,0.82900
N20002346,0.90624
N20002347,0.83765
N20002348,0.95887
N20002349,1.07538
N20002350,1.00899
N20002351,1.01816
N20002352,0.96804
N20002353,0.97758
N20002354,0.92502
N20002355,0.89727
N20002356,0.95646
N20002357,1.01102
N20002358,1.08241
N20002359,0.93006
N20002360,0.99902
N20002361,0.92007
N20002362,0.94021
N20002363,0.89663
N20002364,0.86976
N20002365,0.79678
N20002366,0.91441
N20002367,0.93077
N20002368,0.77933
N20002369,0.96255
N20002370,0.77009
N20002371,0.77009
N20002372,1.03534
N20002373,0.83203
N20002374,0.77009
N20002375,0.77009
N20002376,0.77009
N20002377,1.12237
N20002378,1.07968
N20002379,0.84264
N20002380,0.85818
N20002381,0.96394
N20002382,0.86809
N20002383,0.88008
N20002384,0.86045
N20002385,1.14140
N20002386,0.90368
N20002387,0.95863
N20002388,0.77009
N20002389,1.13426
N20002390,1.09590
N20002391,1.14628
N20002392,1.14396
N20002393,1.06870
N20002394,0.85712
N20002395,1.16930
N20002396,1.02587
N20002397,0.99814
N20002398,0.92338
N20002399,1.06117
N20002400,1.09420
N20002401,0.99489
N20002402,1.05901
N20002403,0.98971
N20002404,0.99592
N20002405,1.01925
N20002406,1.05053
N20002407,0.93645
N20002408,1.06658
N20002409,0.79302
N20002410,0.99933
N20002411,0.94251
N20002412,0.95543
N20002413,0.93366
N20002414,0.89820
N20002415,0.86781
N20002416,0.94641
N20002417,0.97437
N20002418,0.91300
N20002419,1.03011
N20002420,0.86505
N20002421,0.81823
N20002422,0.84412
N20002423,0.83617
N20002424,0.99605
N20002425,0.98781
N20002426,1.00746
N20002427,1.02778
N20002428,0.90342
N20002429,0.77009
N20002430,1.00605
N20002431,0.77009
N20002432,0.77009
N20002433,0.99852
N20002434,0.92130
N20002435,1.00007
N20002436,0.99026
N20002437,1.00178
N20002438,0.93451
N20002439,1.01469
N20002440,0.92889
N20002441,1.00347
N20002442,0.99490
N20002443,0.95877
N20002444,0.99413
N20002445,1.00218
N20002446,0.98984
N20002447,0.96983
N20002448,0.97055
N20002449,1.00246
N20002450,1.01289
N20002451,0.98677
N20002452,0.98624
N20002453,1.02055
N20002454,0.95721
N20002455,0.94933
N20002456,1.08173
N20002457,1.05256
N20002458,1.08557
N20002459,1.08025
N20002460,1.01161
N20002461,1.02082
N20002462,0.97098
N20002463,1.09718
N20002464,1.06854
N20002465,1.06821
N20002466,1.08787
N20002467,1.05937
N20002468,1.05772
N20002469,1.11595
N20002470,1.04981
N20002471,1.03873
N20002472,1.06762
N20002473,1.11734
N20002474,1.06522
N20002475,1.05792
N20002476,1.08688
N20002477,1.07229
N20002478,1.08934
N20002479,1.12622
N20002480,1.08342
N20002481,0.94700
N20002482,1.08620
N20002483,1.07629
N20002484,1.02402
N20002485,1.14615
N20002486,1.09889
N20002487,1.12529
N20002488,1.11950
N20002489,1.08258
N20002490,1.07697
N20002491,1.06866
N20002492,0.96099
N20002493,0.77739
N20002494,1.11757
N20002495,1.12663
N20002496,1.11251
N20002497,1.08877
N20002498,1.01036
N20002499,1.04627
N20002500,0.99788
N20002501,0.96562
N20002502,0.97432
N20002503,1.01432
N20002504,0.96437
N20002505,0.98397
N20002506,0.94681
N20002507,0.94598
N20002508,0.96002
N20002509,0.98290
N20002510,0.84859
N20002511,0.82076
N20002512,0.86021
N20002513,0.86218
N20002514,0.82864
N20002515,0.98366
N20002516,1.01611
N20002517,0.87166
N20002518,1.00752
N20002519,1.04382
N20002520,0.94241
N20002521,0.84755
N20002522,0.85450
N20002523,0.77009
N20002524,0.94370
N20002525,0.90565
N20002526,1.01021
N20002527,0.78421
N20002528,1.01737
N20002529,0.83819
N20002530,0.84246
N20002531,1.01648
N20002532,0.94230
N20002533,0.78257
N20002534,0.91430
N20002535,1.00656
N20002536,1.00876
N20002537,1.00583
N20002538,0.98794
N20002539,0.98610
N20002540,0.98123
N20002541,0.97959
N20002542,0.96751
N20002543,0.96091
N20002544,0.94753
N20002545,0.94418
N20002546,1.00175
N20002547,1.00944
N20002548,1.01805
N20002549,1.00167
N20002550,1.01001
N20002551,0.96861
N20002552,1.03835
N20002553,1.07611
N20002554,0.77009
N20002555,0.90793
N20002556,0.77635
N20002557,0.95198
N20002558,0.77262
N20002559,0.89796
N20002560,0.91500
N20002561,1.04103
N20002562,0.98203
N20002563,1.03780
N20002564,0.96863
N20002565,0.96811
N20002566,0.93698
N20002567,0.88415
N20002568,0.87101
N20002569,0.99230
N20002570,1.01680
N20002571,0.93132
N20002572,0.92667
N20002573,0.95506
N20002574,0.95629
N20002575,0.77009
N20002576,0.82772
N20002577,1.12496
N20002578,0.94671
N20002579,0.93381
N20002580,0.99133
N20002581,1.08210
N20002582,0.95994
N20002583,1.11128
N20002584,1.00349
N20002585,1.24250
N20002586,1.03875
N20002587,0.89821
N20002588,0.83011
N20002589,0.87355
N20002590,1.13690
N20002591,1.00134
N20002592,1.05499
N20002593,1.09942
N20002594,0.81058
N20002595,0.94542
N20002596,0.91558
N20002597,0.95393
N20002598,1.15650
N20002599,0.99327
N20002600,0.97391
N20002601,0.86133
N20002602,1.05515
N20002603,0.96784
N20002604,0.98048
N20002605,1.01472
N20002606,0.91161
N20002607,0.93802
N20002608,0.83697
N20002609,0.98806
N20002610,0.95178
N20002611,0.88972
N20002612,0.97242
N20002613,0.93134
N20002614,0.85634
N20002615,0.79354
N20002616,0.78978
N20002617,0.80418
N20002618,0.95321
N20002619,0.77009
N20002620,0.80309
N20002621,0.95814
N20002622,0.77009
N20002623,0.98127
N20002624,1.00640
N20002625,0.77009
N20002626,0.77531
N20002627,0.77009
N20002628,0.88264
N20002629,0.77009
N20002630,0.99116
N20002631,0.83071
N20002632,0.90796
N20002633,0.97117
N20002634,0.99409
N20002635,0.95205
N20002636,0.86718
N20002637,0.95997
N20002638,0.93087
N20002639,1.08477
N20002640,1.10922
N20002641,1.16570
N20002642,1.15948
N20002643,1.13031
N20002644,0.96382
N20002645,0.97814
N20002646,1.07707
N20002647,0.98077
N20002648,0.97005
N20002649,1.05649
N20002650,0.95320
N20002651,0.98069
N20002652,0.91445
N20002653,0.95992
N20002654,0.96689
N20002655,1.04073
N20002656,0.90702
N20002657,0.85684
N20002658,1.01958
N20002659,0.85428
N20002660,0.95477
N20002661,0.88893
N20002662,0.98305
N20002663,1.06613
N20002664,1.01459
N20002665,0.77009
N20002666,0.77009
N20002667,0.93576
N20002668,0.98961
N20002669,0.77009
N20002670,0.91191
N20002671,0.77009
N20002672,0.99569
N20002673,0.77009
N20002674,1.03675
N20002675,0.95768
N20002676,0.98493
N20002677,1.00322
N20002678,0.97078
N20002679,1.00236
N20002680,0.83290
N20002681,0.95291
N20002682,0.95323
N20002683,0.95628
N20002684,1.02014
N20002685,1.06555
N20002686,0.96368
N20002687,1.09288
N20002688,1.06902
N20002689,0.91266
N20002690,1.15081
N20002691,1.09071
N20002692,1.02602
N20002693,1.01049
N20002694,1.02238
N20002695,1.00078
N20002696,1.03000
N20002697,1.03896
N20002698,0.88073
N20002699,0.96508
N20002700,1.03425
N20002701,0.95290
N20002702,0.84417
N20002703,0.87799
N20002704,0.83602
N20002705,1.01669
N20002706,1.04645
N20002707,0.99249
N20002708,0.79300
N20002709,0.78480
N20002710,0.79660
N20002711,0.85281
N20002712,0.82722
N20002713,0.99880
N20002714,0.80078
N20002715,1.04522
N20002716,0.96332
N20002717,0.87268
N20002718,0.95853
N20002719,0.77009
N20002720,0.89790
N20002721,0.88540
N20002722,0.95271
N20002723,0.77009
N20002724,0.79208
N20002725,0.87163
N20002726,1.03922
N20002727,0.91148
N20002728,0.98427
N20002729,0.77009
N20002730,1.04991
N20002731,0.97148
N20002732,0.89997
N20002733,1.05934
N20002734,0.81863
N20002735,0.93080
N20002736,0.97531
N20002737,1.03991
N20002738,1.03464
N20002739,0.93793
N20002740,0.92298
N20002741,0.87435
N20002742,0.99903
N20002743,0.99537
N20002744,1.00691
N20002745,0.97087
N20002746,1.04626
N20002747,0.99657
N20002748,0.89222
N20002749,0.94093
N20002750,0.98248
N20002751,0.99143
N20002752,0.90535
N20002753,0.91164
N20002754,0.99475
N20002755,1.02757
N20002756,0.81818
N20002757,1.00124
N20002758,1.00201
N20002759,0.84800
N20002760,0.89816
N20002761,0.97224
N20002762,0.95654
N20002763,0.99169
N20002764,0.97325
N20002765,1.03133
N20002766,0.94201
N20002767,0.95932
N20002768,1.00643
N20002769,1.00079
N20002770,1.00219
N20002771,0.98688
N20002772,0.77009
N20002773,0.98857
N20002774,0.97516
N20002775,1.00738
N20002776,1.01871
N20002777,0.93107
N20002778,0.93133
N20002779,0.83267
N20002780,0.82172
N20002781,0.77009
N20002782,0.89164
N20002783,0.97786
N20002784,0.94356
N20002785,0.93603
N20002786,0.95157
N20002787,0.87454
N20002788,0.96063
N20002789,0.97017
N20002790,0.90984
N20002791,0.89583
N20002792,0.79367
N20002793,0.84332
N20002794,0.85864
N20002795,0.78420
N20002796,0.78783
N20002797,0.85163
N20002798,0.80113
N20002799,0.94623
N20002800,0.88706
N20002801,0.91422
N20002802,0.99844
N20002803,0.95881
N20002804,0.97805
N20002805,0.98269
N20002806,0.96051
N20002807,0.96700
N20002808,0.96049
N20002809,1.00706
N20002810,0.97651
N20002811,0.84159
N20002812,0.89935
N20002813,0.77009
N20002814,0.98774
N20002815,0.79300
N20002816,0.83397
N20002817,0.79987
N20002818,0.77009
N20002819,0.78292
N20002820,0.90227
N20002821,0.78179
N20002822,0.97522
N20002823,0.94648
N20002824,1.03039
N20002825,0.98083
N20002826,0.96692
N20002827,1.00419
N20002828,0.96845
N20002829,0.85019
N20002830,0.95863
N20002831,0.77330
N20002832,0.98873
N20002833,0.80318
N20002834,0.83684
N20002835,0.89563
N20002836,0.98247
N20002837,1.11602
N20002838,1.11375
N20002839,1.20163
N20002840,1.09785
N20002841,1.25776
N20002842,1.22793
N20002843,1.01999
N20002844,1.11115
N20002845,1.18360
N20002846,0.90658
N20002847,1.21591
N20002848,1.21180
N20002849,1.06487
N20002850,1.07441
N20002851,1.18881
N20002852,1.18952
N20002853,1.04432
N20002854,0.98200
N20002855,0.88828
N20002856,1.22286
N20002857,0.90812
N20002858,0.91234
N20002859,1.27739
N20002860,1.18639
N20002861,1.14828
N20002862,1.16510
N20002863,1.22974
N20002864,1.27585
N20002865,1.22417
N20002866,1.24306
N20002867,0.98281
N20002868,1.17236
N20002869,1.07525
N20002870,1.14136
N20002871,1.12769
N20002872,0.99515
N20002873,1.24927
N20002874,1.22571
N20002875,1.06571
N20002876,1.08621
N20002877,1.12677
N20002878,1.09602
N20002879,1.07157
N20002880,0.98999
N20002881,0.95119
N20002882,1.20183
N20002883,1.01347
N20002884,1.04414
N20002885,1.18278
N20002886,1.06376
N20002887,1.19826
N20002888,1.25368
N20002889,1.04027
N20002890,1.23682
N20002891,1.11960
N20002892,1.15620
N20002893,1.17258
N20002894,1.16999
N20002895,1.05696
N20002896,1.09847
N20002897,0.95404
N20002898,1.07107
N20002899,0.84809
N20002900,1.18211
N20002901,0.92924
N20002902,0.88108
N20002903,1.08490
N20002904,0.92720
N20002905,1.00423
N20002906,0.93673
N20002907,0.84954
N20002908,1.09043
N20002909,0.99673
N20002910,1.10291
N20002911,1.13199
N20002912,1.03901
N20002913,0.96975
N20002914,1.08534
N20002915,1.11081
N20002916,1.11794
N20002917,1.08380
N20002918,1.13372
N20002919,1.10085
N20002920,1.08394
N20002921,1.03926
N20002922,0.96814
N20002923,0.97761
N20002924,0.97210
N20002925,1.11933
N20002926,0.99837
N20002927,1.16009
N20002928,1.09728
N20002929,1.24046
N20002930,1.19121
N20002931,0.99600
N20002932,0.97008
N20002933,1.13544
N20002934,0.94393
N20002935,0.91577
N20002936,1.13832
N20002937,0.99180
N20002938,0.77009
N20002939,0.93930
N20002940,0.80458
N20002941,1.08655
N20002942,1.05836
N20002943,0.97705
N20002944,1.00510
N20002945,0.81141
N20002946,0.90193
N20002947,0.89148
N20002948,1.18612
N20002949,1.01034
N20002950,0.91910
N20002951,1.07936
N20002952,0.96237
N20002953,1.06188
N20002954,1.08031
N20002955,1.06936
N20002956,0.99281
N20002957,0.99794
N20002958,0.91267
N20002959,1.13052
N20002960,0.82887
N20002961,1.08201
N20002962,0.94272
N20002963,1.04990
N20002964,0.96405
N20002965,1.05571
N20002966,1.15783
N20002967,1.03650
N20002968,0.91773
N20002969,0.91992
N20002970,1.13534
N20002971,1.11234
N20002972,1.03573
N20002973,1.12846
N20002974,1.10714
N20002975,1.20975
N20002976,1.15950
N20002977,1.24991
N20002978,1.15483
N20002979,1.01450
N20002980,1.22598
N20002981,1.00202
N20002982,1.19262
N20002983,0.97547
N20002984,1.14797
N20002985,1.02242
N20002986,1.09027
N20002987,1.06312
N20002988,1.17402
N20002989,1.22434
N20002990,1.18693
N20002991,1.15344
N20002992,1.10355
N20002993,1.21409
N20002994,0.97669
N20002995,1.05598
N20002996,1.07707
N20002997,1.14185
N20002998,1.18358
N20002999,1.05298
N20003000,1.21573
N20003001,0.93216
N20003002,0.91543
N20003003,0.94883
N20003004,1.08313
N20003005,0.98693
N20003006,1.12816
N20003007,1.09284
N20003008,0.99141
N20003009,1.09850
N20003010,0.97589
N20003011,1.09342
N20003012,1.18437
N20003013,1.11194
N20003014,1.05633
N20003015,1.25098
N20003016,1.28068
N20003017,1.26064
N20003018,0.96457
N20003019,1.08990
N20003020,1.06522
N20003021,1.17221
N20003022,1.09918
N20003023,1.04185
N20003024,1.11056
N20003025,1.18065
N20003026,0.88988
N20003027,1.00803
N20003028,0.96447
N20003029,0.87617
N20003030,1.01490
N20003031,1.03415
N20003032,0.99708
N20003033,0.88042
N20003034,0.96644
N20003035,0.98066
N20003036,1.14454
N20003037,0.85254
N20003038,0.79190
N20003039,0.98269
N20003040,0.94149
N20003041,0.82077
N20003042,0.86657
N20003043,0.90580
N20003044,0.93892
N20003045,0.95203
N20003046,0.99440
N20003047,0.92671
N20003048,0.99968
N20003049,0.97851
N20003050,1.06913
N20003051,0.95869
N20003052,0.89609
N20003053,0.86236
N20003054,0.97321
N20003055,1.07889
N20003056,1.05824
N20003057,1.07649
N20003058,1.08061
N20003059,1.02502
N20003060,1.01412
N20003061,1.15551
N20003062,1.13157
N20003063,1.15016
N20003064,1.16228
N20003065,1.11645
N20003066,1.04026
N20003067,1.14243
N20003068,1.16560
N20003069,1.09299
N20003070,1.09734
N20003071,1.11081
N20003072,0.91898
N20003073,1.18318
N20003074,1.11207
N20003075,1.16036
N20003076,1.10838
N20003077,1.10179
N20003078,1.15656
N20003079,1.17497
N20003080,1.09821
N20003081,1.09766
N20003082,1.10569
N20003083,1.11983
N20003084,1.03232
N20003085,1.10788
N20003086,1.16257
N20003087,1.05437
N20003088,0.96582
N20003089,1.11308
N20003090,1.06275
N20003091,0.99739
N20003092,1.05765
N20003093,1.06310
N20003094,1.01170
N20003095,1.02829
N20003096,1.20719
N20003097,0.90206
N20003098,0.85237
N20003099,0.95879
N20003100,0.95464
N20003101,1.14060
N20003102,1.03138
N20003103,1.13775
N20003104,0.94782
N20003105,1.06195
N20003106,1.07073
N20003107,1.13795
N20003108,1.08046
N20003109,0.81149
N20003110,1.13608
N20003111,1.00570
N20003112,1.04308
N20003113,1.00609
N20003114,1.09815
N20003115,1.16039
N20003116,1.11278
N20003117,0.95181
N20003118,0.88268
N20003119,0.88970
N20003120,0.92986
N20003121,1.21134
N20003122,1.08966
N20003123,1.11584
N20003124,1.08327
N20003125,1.03759
N20003126,1.08322
N20003127,1.18924
N20003128,1.18983
N20003129,1.19959
N20003130,1.20917
N20003131,1.18391
N20003132,0.91713
N20003133,1.17966
N20003134,1.06046
N20003135,1.19859
N20003136,1.13098
N20003137,1.11903
N20003138,1.15384
N20003139,1.11881
N20003140,1.16567
N20003141,1.12751
N20003142,1.10076
N20003143,1.05632
N20003144,1.13084
N20003145,1.05215
N20003146,0.95160
N20003147,1.08203
N20003148,1.19301
N20003149,1.13419
N20003150,0.95107
N20003151,1.21232
N20003152,1.16635
N20003153,1.16971
N20003154,0.96470
N20003155,1.14770
N20003156,1.18041
N20003157,1.08151
N20003158,1.10070
N20003159,0.99216
N20003160,1.08783
N20003161,1.05103
N20003162,0.96684
N20003163,1.15520
N20003164,1.01520
N20003165,1.13679
N20003166,0.89607
N20003167,0.99031
N20003168,1.15432
N20003169,1.18523
N20003170,0.81884
N20003171,0.87231
N20003172,0.97049
N20003173,0.90797
N20003174,0.90927
N20003175,0.93112
N20003176,1.04049
N20003177,0.97759
N20003178,0.92277
N20003179,0.96139
N20003180,1.13692
N20003181,0.99883
N20003182,0.87800
N20003183,0.92734
N20003184,1.06998
N20003185,0.96471
N20003186,0.91373
N20003187,0.94500
N20003188,1.17270
N20003189,1.04084
N20003190,0.98255
N20003191,1.17105
N20003192,1.00138
N20003193,1.13421
N20003194,1.17871
N20003195,0.95370
N20003196,1.12755
N20003197,1.10541
N20003198,1.19066
N20003199,0.94574
N20003200,1.19868
N20003201,1.06007
N20003202,1.14696
N20003203,1.16719
N20003204,1.21509
N20003205,1.14146
N20003206,1.02628
N20003207,1.15415
N20003208,1.09458
N20003209,1.05582
N20003210,1.10935
N20003211,1.15110
N20003212,1.14635
N20003213,1.15389
N20003214,1.13522
N20003215,1.06964
N20003216,1.22956
N20003217,1.08743
N20003218,1.16454
N20003219,1.21101
N20003220,1.12297
N20003221,1.08567
N20003222,1.19733
N20003223,1.19518
N20003224,1.06665
N20003225,1.27577
N20003226,1.15784
N20003227,1.24604
N20003228,1.17688
N20003229,1.17232
N20003230,1.21851
N20003231,1.18075
N20003232,1.26737
N20003233,1.18959
N20003234,1.22107
N20003235,1.17499
N20003236,1.11072
N20003237,1.26453
N20003238,1.10653
N20003239,1.07946
N20003240,1.18160
N20003241,1.07356
N20003242,1.00679
N20003243,1.02785
N20003244,1.07067
N20003245,0.95914
N20003246,0.94858
N20003247,1.06802
N20003248,0.94633
N20003249,0.98603
N20003250,1.14641
N20003251,1.01039
N20003252,1.10156
N20003253,1.05897
N20003254,1.08312
N20003255,0.96710
N20003256,1.11589
N20003257,1.17756
N20003258,1.05175
N20003259,1.10808
N20003260,1.15655
N20003261,1.15535
N20003262,1.05821
N20003263,0.87444
N20003264,1.16203
N20003265,0.93146
N20003266,1.08317
N20003267,0.94290
N20003268,1.13296
N20003269,0.92519
N20003270,1.06213
N20003271,0.91670
N20003272,1.14363
N20003273,1.07482
N20003274,1.13402
N20003275,1.06777
N20003276,1.19304
N20003277,1.12186
N20003278,0.96732
N20003279,1.05760
N20003280,1.21815
N20003281,1.13503
N20003282,1.15291
N20003283,1.19175
N20003284,0.94760
N20003285,1.00971
N20003286,0.95327
N20003287,0.94367
N20003288,1.05846
N20003289,1.09331
N20003290,1.15812
N20003291,1.14799
N20003292,1.04262
N20003293,1.09928
N20003294,1.12359
N20003295,1.12228
N20003296,1.03922
N20003297,1.03275
N20003298,0.93202
N20003299,0.95581
N20003300,0.98925
N20003301,0.90780
N20003302,0.92387
N20003303,0.77009
N20003304,0.92946
N20003305,0.84212
N20003306,0.87528
N20003307,0.94023
N20003308,0.95445
N20003309,1.07700
N20003310,1.11825
N20003311,1.02296
N20003312,0.97697
N20003313,1.19056
N20003314,1.00198
N20003315,1.10949
N20003316,0.99738
N20003317,1.09408
N20003318,1.05207
N20003319,1.16057
N20003320,1.12689
N20003321,1.16197
N20003322,1.10525
N20003323,1.14231
N20003324,1.17110
N20003325,1.23008
N20003326,1.15136
N20003327,1.16336
N20003328,1.13486
N20003329,1.03725
N20003330,1.04195
N20003331,1.09816
N20003332,1.20209
N20003333,1.11360
N20003334,1.18259
N20003335,1.08007
N20003336,1.22199
N20003337,1.10714
N20003338,1.07561
N20003339,0.91467
N20003340,0.99994
N20003341,1.07690
N20003342,1.10359
N20003343,1.04416
N20003344,1.13842
N20003345,1.12763
N20003346,1.06248
N20003347,1.02258
N20003348,1.05299
N20003349,1.03546
N20003350,0.96264
N20003351,1.01457
N20003352,1.08218
N20003353,0.93793
N20003354,1.01975
N20003355,1.05803
N20003356,0.99041
N20003357,1.10011
N20003358,0.98907
N20003359,1.03117
N20003360,1.02640
N20003361,1.01327
N20003362,0.96886
N20003363,0.97432
N20003364,0.95155
N20003365,1.07433
N20003366,0.98341
N20003367,0.99862
N20003368,0.86461
N20003369,0.78819
N20003370,0.97616
N20003371,1.01331
N20003372,0.86715
N20003373,1.09687
N20003374,0.90067
N20003375,0.97698
N20003376,0.95987
N20003377,0.87048
N20003378,0.90898
N20003379,0.85699
N20003380,0.96451
N20003381,1.00772
N20003382,0.92488
N20003383,1.11032
N20003384,1.04378
N20003385,1.01451
N20003386,1.04618
N20003387,1.07769
N20003388,0.99781
N20003389,1.08588
N20003390,1.14930
N20003391,1.11110
N20003392,1.12154
N20003393,1.15021
N20003394,1.19470
N20003395,1.15169
N20003396,1.15439
N20003397,1.10181
N20003398,1.13862
N20003399,1.21978
N20003400,1.16613
N20003401,1.09208
N20003402,1.17357
N20003403,0.90995
N20003404,0.91571
N20003405,1.19328
N20003406,0.87298
N20003407,0.92538
N20003408,0.81801
N20003409,1.04080
N20003410,0.92613
N20003411,1.16014
N20003412,1.19356
N20003413,0.99445
N20003414,1.18202
N20003415,0.99630
N20003416,0.86579
N20003417,0.99562
N20003418,1.15672
N20003419,0.85129
N20003420,1.07052
N20003421,1.22564
N20003422,1.19022
N20003423,1.22964
N20003424,1.11601
N20003425,0.96534
N20003426,0.92978
N20003427,0.98735
N20003428,1.09449
N20003429,1.16322
N20003430,1.06912
N20003431,1.03968
N20003432,0.95318
N20003433,0.96228
N20003434,0.98177
N20003435,0.98243
N20003436,0.88860
N20003437,1.00956
N20003438,0.92495
N20003439,0.94366
N20003440,0.77009
N20003441,0.77009
N20003442,0.92572
N20003443,0.90006
N20003444,0.77009
N20003445,0.79224
N20003446,0.87321
N20003447,0.92225
N20003448,1.01947
N20003449,0.92966
N20003450,0.87811
N20003451,0.92779
N20003452,0.92960
N20003453,1.00674
N20003454,0.95717
N20003455,0.99522
N20003456,0.97175
N20003457,0.96104
N20003458,0.95274
N20003459,0.98133
N20003460,0.99338
N20003461,1.01779
N20003462,0.99062
N20003463,1.00006
N20003464,0.98983
N20003465,0.86051
N20003466,1.01981
N20003467,0.99237
N20003468,1.03894
N20003469,1.00084
N20003470,0.99609
N20003471,1.03695
N20003472,0.89187
N20003473,0.99288
N20003474,0.99581
N20003475,0.98367
N20003476,0.99891
N20003477,0.99477
N20003478,0.99722
N20003479,0.98923
N20003480,0.98621
N20003481,1.01658
N20003482,1.02691
N20003483,0.98780
N20003484,1.01464
N20003485,0.77009
N20003486,0.77009
N20003487,0.96734
N20003488,0.99012
N20003489,1.03323
N20003490,0.91066
N20003491,0.96323
N20003492,1.00505
N20003493,0.78727
N20003494,1.00514
N20003495,0.83097
N20003496,1.01917
N20003497,0.97515
N20003498,0.98262
N20003499,0.79359
N20003500,0.93915
N20003501,1.04276
N20003502,0.92245
N20003503,0.84519
N20003504,0.86745
N20003505,0.85578
N20003506,0.77009
N20003507,1.04183
N20003508,0.95855
N20003509,0.80916
N20003510,0.77009
N20003511,0.94638
N20003512,0.77009
N20003513,0.84704
N20003514,0.96269
N20003515,0.77009
N20003516,0.82586
N20003517,0.80862
N20003518,0.85194
N20003519,0.90764
N20003520,0.77009
N20003521,0.77009
N20003522,0.89724
N20003523,0.96132
N20003524,0.82074
N20003525,0.97424
N20003526,0.82289
N20003527,0.77009
N20003528,0.98444
N20003529,0.89736
N20003530,0.96849
N20003531,0.77009
N20003532,0.77009
N20003533,0.77009
N20003534,0.77009
N20003535,0.96272
N20003536,0.97622
N20003537,0.97359
N20003538,0.97175
N20003539,1.02536
N20003540,1.01406
N20003541,1.00814
N20003542,0.97144
N20003543,0.98692
N20003544,1.02193
N20003545,0.98012
N20003546,0.87557
N20003547,0.96185
N20003548,0.95931
N20003549,1.00074
N20003550,0.96071
N20003551,1.01797
N20003552,0.84931
N20003553,1.03600
N20003554,0.98919
N20003555,0.93007
N20003556,1.00335
N20003557,1.03374
N20003558,0.85276
N20003559,0.98764
N20003560,1.02670
N20003561,1.03459
N20003562,0.98720
N20003563,0.93337
N20003564,1.03330
N20003565,0.99685
N20003566,0.97985
N20003567,1.02970
N20003568,0.98668
N20003569,0.96527
N20003570,0.83086
N20003571,0.80433
N20003572,0.84751
N20003573,0.84421
N20003574,0.94343
N20003575,1.00802
N20003576,0.99480
N20003577,0.95247
N20003578,0.95733
N20003579,0.92384
N20003580,1.00235
N20003581,0.99351
N20003582,1.03529
N20003583,1.02816
N20003584,1.03847
N20003585,1.02635
N20003586,0.98871
N20003587,0.95680
N20003588,0.94715
N20003589,1.01567
N20003590,0.99531
N20003591,0.95413
N20003592,0.91384
N20003593,0.85601
N20003594,0.97561
N20003595,0.98419
N20003596,0.91129
N20003597,0.98341
N20003598,0.98671
N20003599,0.87376
N20003600,1.01653
N20003601,0.99006
N20003602,0.99979
N20003603,0.91166
N20003604,0.97969
N20003605,0.89982
N20003606,0.89369
N20003607,0.80945
N20003608,0.77009
N20003609,0.77009
N20003610,0.78613
N20003611,0.93558
N20003612,0.89412
N20003613,0.94311
N20003614,0.95942
N20003615,1.00195
N20003616,0.81210
N20003617,0.77009
N20003618,0.78884
N20003619,1.00900
N20003620,0.94709
N20003621,0.98293
N20003622,0.97585
N20003623,0.99019
N20003624,0.95530
N20003625,0.95824
N20003626,0.98706
N20003627,0.97106
N20003628,0.95307
N20003629,0.98478
N20003630,0.99136
N20003631,0.94937
N20003632,0.97792
N20003633,0.77009
N20003634,0.98525
N20003635,0.89234
N20003636,0.92150
N20003637,0.95542
N20003638,0.98097
N20003639,0.95474
N20003640,0.95064
N20003641,0.96329
N20003642,0.97896
N20003643,0.96558
N20003644,0.91126
N20003645,1.01711
N20003646,0.96154
N20003647,0.99829
N20003648,0.93746
N20003649,0.97689
N20003650,0.99395
N20003651,0.80474
N20003652,1.03064
N20003653,0.77009
N20003654,0.77009
N20003655,0.92791
N20003656,0.77009
N20003657,0.87965
N20003658,0.98684
N20003659,0.77009
N20003660,0.77009
N20003661,0.88968
N20003662,0.77009
N20003663,0.79515
N20003664,0.89044
N20003665,0.79842
N20003666,0.77009
N20003667,1.00741
N20003668,0.79388
N20003669,0.98296
N20003670,0.87719
N20003671,0.90579
N20003672,0.98410
N20003673,1.00047
N20003674,1.00730
N20003675,1.04607
N20003676,0.99125
N20003677,0.79961
N20003678,1.02627
N20003679,0.87846
N20003680,0.96286
N20003681,0.96524
N20003682,0.81906
N20003683,0.99747
N20003684,0.96648
N20003685,0.98440
N20003686,1.06334
N20003687,0.96874
N20003688,0.98170
N20003689,0.96401
N20003690,0.94537
N20003691,1.01998
N20003692,0.98284
N20003693,0.97036
N20003694,0.98886
N20003695,1.00375
N20003696,0.98194
N20003697,0.96578
N20003698,0.93161
N20003699,0.95524
N20003700,0.98649
N20003701,1.02145
N20003702,1.00776
N20003703,0.88973
N20003704,0.96277
N20003705,0.98426
N20003706,0.99499
N20003707,0.88157
N20003708,1.00153
N20003709,0.96288
N20003710,0.99651
N20003711,0.92759
N20003712,0.96429
N20003713,0.89400
N20003714,1.00106
N20003715,0.84965
N20003716,0.96887
N20003717,0.97155
N20003718,0.91489
N20003719,0.98684
N20003720,0.77009
N20003721,0.97160
N20003722,0.95975
N20003723,0.79528
N20003724,1.01947
N20003725,0.93328
N20003726,0.94515
N20003727,0.97058
N20003728,0.98829
N20003729,1.03683
N20003730,0.99339
N20003731,1.01099
N20003732,0.86130
N20003733,0.95105
N20003734,0.95616
N20003735,0.78931
N20003736,0.94318
N20003737,0.92696
N20003738,0.97120
N20003739,0.99508
N20003740,0.97784
N20003741,0.89511
N20003742,0.87798
N20003743,0.98493
N20003744,0.91742
N20003745,0.90502
N20003746,0.97446
N20003747,0.99939
N20003748,0.99002
N20003749,0.89442
N20003750,0.85480
N20003751,0.82411
N20003752,0.97165
N20003753,0.88209
N20003754,0.81583
N20003755,0.96033
N20003756,0.93351
N20003757,0.89750
N20003758,0.87172
N20003759,0.97295
N20003760,1.11465
N20003761,1.04378
N20003762,0.93555
N20003763,1.10546
N20003764,0.94803
N20003765,0.79694
N20003766,0.91201
N20003767,1.01286
N20003768,0.90313
N20003769,1.03913
N20003770,0.99944
N20003771,1.13556
N20003772,0.96310
N20003773,1.14010
N20003774,1.13700
N20003775,1.04923
N20003776,1.19714
N20003777,1.00083
N20003778,1.11983
N20003779,1.00798
N20003780,1.14709
